Workbook

Sheet Roadmap
A1: NOVA — ROADMAP DE FINALISATION & GANTT
A2: Baseline : 29/09/2026 | Principe : EXISTANT > RÉUTILISATION > RÉPARATION MINIMALE > NOUVEAU DÉVELOPPEMENT
A4: ID | B4: Lot | C4: Tâche | D4: Domaine | E4: Priorité | F4: Dépendances | G4: Statut | H4: Preuve / constat | I4: Début prévu | J4: Durée (j ouvrés) | K4: Fin prévue | L4: Avancement | M4: Retard (j) | N4: Alerte | O4: Mission liée | P4: État Runtime officiel | Q4: Décision autorité | R4: État final mission | S4: Synchronisation
A5: NOVA-R01 | B5: LOT 0 | C5: Figer l'état réel actuel de NOVA et le registre des écarts. | D5: Gouvernance | E5: P0 | G5: Terminé | H5: Baseline figée sur feature/nova-runtime-foundation au commit 3ebf5ba689e4df2f2309e8dd31f34093d243237b. Worktree propre. Architecture vérifiée : UI -> BFF -> NOVA Core HTTP -> Mission/Runtime. Registre des écarts consolidé. | I5: 46294 | J5: 1 | K5: =I5+J5-1 | L5: 100% | M5: =IF(OR(G5="Terminé",K5=""),0,MAX(0,TODAY()-K5)) | N5: =IF(G5="Terminé","OK",IF(M5>0,"RETARD",IF(TODAY()>=I5,"EN COURS / À LANCER","À VENIR"))) | S5: NON RATTACHE
A6: NOVA-R02 | B6: LOT 1 | C6: Raccorder le BFF à l'autorité Mission/Runtime de NOVA Core via HTTP, sans créer de seconde autorité d'exécution. | D6: Intégration Runtime | E6: P0 | F6: NOVA-R01 | G6: En cours | H6: R01/R02 : NOVA Core expose déjà POST /api/v1/missions et POST /api/v1/missions/{projectId}/{missionId}/execute. BFF_RUNTIME_ORIGIN pointe vers NOVA Core :4100. Les gateways HTTP de lecture existent. Le runtimeGateway historique n'est pas injecté et son contrat ProgramProductionEntrypoint ne correspond pas directement au contrat Mission/Runtime actuel. Développement minimal attendu : passerelle BFF dédiée Mission/Runtime. Ne pas modifier NOVA Core ni créer un second moteur. | I6: 46295 | J6: 2 | K6: =I6+J6-1 | L6: 20% | M6: =IF(OR(G6="Terminé",K6=""),0,MAX(0,TODAY()-K6)) | N6: =IF(G6="Terminé","OK",IF(M6>0,"RETARD",IF(TODAY()>=I6,"EN COURS / À LANCER","À VENIR"))) | S6: NON RATTACHE
A7: NOVA-R03 | B7: LOT 1 | C7: Configurer stockage durable, authentification production, workspace, Git et transport IA | D7: Intégration Runtime | E7: P0 | F7: NOVA-R02 | G7: À faire | H7: Dépendances existantes dans nova-core ; assemblage réel à réaliser/valider | I7: 46297 | J7: 2 | K7: =I7+J7-1 | L7: =IF(G7="Terminé",1,IF(G7="En cours",0.5,0)) | M7: =IF(OR(G7="Terminé",K7=""),0,MAX(0,TODAY()-K7)) | N7: =IF(G7="Terminé","OK",IF(M7>0,"RETARD",IF(TODAY()>=I7,"EN COURS / À LANCER","À VENIR"))) | S7: NON RATTACHE
A8: NOVA-R04 | B8: LOT 1 | C8: Prouver POST /api/runtime/execute → Runtime réel | D8: Intégration Runtime | E8: P0 | F8: NOVA-R03 | G8: À faire | H8: Route authentifiée existe ; runtimeProxy actuellement configured_not_connected | I8: 46301 | J8: 1 | K8: =I8+J8-1 | L8: =IF(G8="Terminé",1,IF(G8="En cours",0.5,0)) | M8: =IF(OR(G8="Terminé",K8=""),0,MAX(0,TODAY()-K8)) | N8: =IF(G8="Terminé","OK",IF(M8>0,"RETARD",IF(TODAY()>=I8,"EN COURS / À LANCER","À VENIR"))) | S8: NON RATTACHE
A9: NOVA-R05 | B9: LOT 2 | C9: Connecter Confirm à la passerelle BFF Mission/Runtime existante afin de créer/lancer la Mission puis ouvrir le Work réel. | D9: Work Setup | E9: P0 | F9: NOVA-R04 | G9: À faire | H9: ConfirmPage utilise actuellement navigate('work') uniquement. R05 dépend de R02. L'autorité de création reste Mission/Runtime ; aucun moteur Create Work indépendant ne doit être créé. | I9: 46302 | J9: 2 | K9: =I9+J9-1 | L9: 0% | M9: =IF(OR(G9="Terminé",K9=""),0,MAX(0,TODAY()-K9)) | N9: =IF(G9="Terminé","OK",IF(M9>0,"RETARD",IF(TODAY()>=I9,"EN COURS / À LANCER","À VENIR"))) | S9: NON RATTACHE
A10: NOVA-R06 | B10: LOT 2 | C10: Prouver le parcours objectif → Confirm → Mission → Work | D10: Work Setup | E10: P0 | F10: NOVA-R05 | G10: À faire | H10: Parcours UI existe ; preuve bout-en-bout encore requise | I10: 46304 | J10: 2 | K10: =I10+J10-1 | L10: =IF(G10="Terminé",1,IF(G10="En cours",0.5,0)) | M10: =IF(OR(G10="Terminé",K10=""),0,MAX(0,TODAY()-K10)) | N10: =IF(G10="Terminé","OK",IF(M10>0,"RETARD",IF(TODAY()>=I10,"EN COURS / À LANCER","À VENIR"))) | S10: NON RATTACHE
A11: NOVA-R07 | B11: LOT 3 | C11: Brancher Work Plan aux données Planning réelles | D11: Work UI | E11: P1 | F11: NOVA-R06 | G11: À faire | H11: WorkPlanningQuery existe ; UI utilise encore des données préparées | I11: 46308 | J11: 2 | K11: =I11+J11-1 | L11: =IF(G11="Terminé",1,IF(G11="En cours",0.5,0)) | M11: =IF(OR(G11="Terminé",K11=""),0,MAX(0,TODAY()-K11)) | N11: =IF(G11="Terminé","OK",IF(M11>0,"RETARD",IF(TODAY()>=I11,"EN COURS / À LANCER","À VENIR"))) | S11: NON RATTACHE
A12: NOVA-R08 | B12: LOT 3 | C12: Brancher Work People aux données People réelles | D12: Work UI | E12: P1 | F12: NOVA-R06 | G12: À faire | H12: WorkPeopleQuery existe ; UI à connecter | I12: 46308 | J12: 2 | K12: =I12+J12-1 | L12: =IF(G12="Terminé",1,IF(G12="En cours",0.5,0)) | M12: =IF(OR(G12="Terminé",K12=""),0,MAX(0,TODAY()-K12)) | N12: =IF(G12="Terminé","OK",IF(M12>0,"RETARD",IF(TODAY()>=I12,"EN COURS / À LANCER","À VENIR"))) | S12: NON RATTACHE
A13: NOVA-R09 | B13: LOT 3 | C13: Brancher Work Decisions aux données Decisions réelles | D13: Work UI | E13: P1 | F13: NOVA-R06 | G13: À faire | H13: WorkDecisionsService/Query existent ; UI à connecter | I13: 46310 | J13: 2 | K13: =I13+J13-1 | L13: =IF(G13="Terminé",1,IF(G13="En cours",0.5,0)) | M13: =IF(OR(G13="Terminé",K13=""),0,MAX(0,TODAY()-K13)) | N13: =IF(G13="Terminé","OK",IF(M13>0,"RETARD",IF(TODAY()>=I13,"EN COURS / À LANCER","À VENIR"))) | S13: NON RATTACHE
A14: NOVA-R10 | B14: LOT 3 | C14: Brancher Work Deliverables détaillés aux données réelles | D14: Work UI | E14: P1 | F14: NOVA-R06 | G14: À faire | H14: WorkDeliverablesQuery existe ; UI à connecter | I14: 46310 | J14: 2 | K14: =I14+J14-1 | L14: =IF(G14="Terminé",1,IF(G14="En cours",0.5,0)) | M14: =IF(OR(G14="Terminé",K14=""),0,MAX(0,TODAY()-K14)) | N14: =IF(G14="Terminé","OK",IF(M14>0,"RETARD",IF(TODAY()>=I14,"EN COURS / À LANCER","À VENIR"))) | S14: NON RATTACHE
A15: NOVA-R11 | B15: LOT 3 | C15: Mapper Evidence → écran Sources sans créer un nouveau domaine | D15: Work UI | E15: P1 | F15: NOVA-R06 | G15: À faire | H15: WorkEvidence/Evidence existent ; adéquation complète écran Sources à certifier | I15: 46314 | J15: 3 | K15: =I15+J15-1 | L15: =IF(G15="Terminé",1,IF(G15="En cours",0.5,0)) | M15: =IF(OR(G15="Terminé",K15=""),0,MAX(0,TODAY()-K15)) | N15: =IF(G15="Terminé","OK",IF(M15>0,"RETARD",IF(TODAY()>=I15,"EN COURS / À LANCER","À VENIR"))) | S15: NON RATTACHE
A16: NOVA-R12 | B16: LOT 3 | C16: Remplacer les fixtures restantes des écrans Work par des services réels | D16: Work UI | E16: P1 | F16: NOVA-R07,R08,R09,R10,R11 | G16: À faire | H16: Fixtures encore présentes dans plusieurs sous-pages Work | I16: 46317 | J16: 2 | K16: =I16+J16-1 | L16: =IF(G16="Terminé",1,IF(G16="En cours",0.5,0)) | M16: =IF(OR(G16="Terminé",K16=""),0,MAX(0,TODAY()-K16)) | N16: =IF(G16="Terminé","OK",IF(M16>0,"RETARD",IF(TODAY()>=I16,"EN COURS / À LANCER","À VENIR"))) | S16: NON RATTACHE
A17: NOVA-R13 | B17: LOT 4 | C17: Brancher Decisions globales au moteur réel | D17: Décisions | E17: P1 | F17: NOVA-R12 | G17: À faire | H17: Interface globale présente ; données de démonstration observées | I17: 46321 | J17: 2 | K17: =I17+J17-1 | L17: =IF(G17="Terminé",1,IF(G17="En cours",0.5,0)) | M17: =IF(OR(G17="Terminé",K17=""),0,MAX(0,TODAY()-K17)) | N17: =IF(G17="Terminé","OK",IF(M17>0,"RETARD",IF(TODAY()>=I17,"EN COURS / À LANCER","À VENIR"))) | S17: NON RATTACHE
A18: NOVA-R14 | B18: LOT 4 | C18: Prouver Review → Decide → Record → Receipt avec persistance et autorité | D18: Décisions | E18: P0 | F18: NOVA-R13 | G18: À auditer | H18: Parcours UX spécifié historiquement ; état as-built complet à revalider | I18: 46323 | J18: 3 | K18: =I18+J18-1 | L18: =IF(G18="Terminé",1,IF(G18="En cours",0.5,0)) | M18: =IF(OR(G18="Terminé",K18=""),0,MAX(0,TODAY()-K18)) | N18: =IF(G18="Terminé","OK",IF(M18>0,"RETARD",IF(TODAY()>=I18,"EN COURS / À LANCER","À VENIR"))) | S18: NON RATTACHE
A19: NOVA-R15 | B19: LOT 5 | C19: Valider authentification UI → BFF en conditions réelles | D19: Sécurité | E19: P0 | F19: NOVA-R04 | G19: À auditer | H19: Login/session/CSRF/RBAC existent ; fonctionnement complet à démontrer | I19: 46302 | J19: 2 | K19: =I19+J19-1 | L19: =IF(G19="Terminé",1,IF(G19="En cours",0.5,0)) | M19: =IF(OR(G19="Terminé",K19=""),0,MAX(0,TODAY()-K19)) | N19: =IF(G19="Terminé","OK",IF(M19>0,"RETARD",IF(TODAY()>=I19,"EN COURS / À LANCER","À VENIR"))) | S19: NON RATTACHE
A20: NOVA-R16 | B20: LOT 5 | C20: Revalider l'ancien blocage Execution Integrity sur le code actuel | D20: Production | E20: P0 | F20: NOVA-R04 | G20: À auditer | H20: Ancien P1-002 de juillet ; preuve historique obsolète | I20: 46304 | J20: 2 | K20: =I20+J20-1 | L20: =IF(G20="Terminé",1,IF(G20="En cours",0.5,0)) | M20: =IF(OR(G20="Terminé",K20=""),0,MAX(0,TODAY()-K20)) | N20: =IF(G20="Terminé","OK",IF(M20>0,"RETARD",IF(TODAY()>=I20,"EN COURS / À LANCER","À VENIR"))) | S20: NON RATTACHE
A21: NOVA-R17 | B21: LOT 5 | C21: Revalider la persistance/reprise des sessions d'exécution | D21: Production | E21: P0 | F21: NOVA-R04 | G21: À auditer | H21: Checkpoints durables présents ; ancien P1-005 à revalider | I21: 46308 | J21: 2 | K21: =I21+J21-1 | L21: =IF(G21="Terminé",1,IF(G21="En cours",0.5,0)) | M21: =IF(OR(G21="Terminé",K21=""),0,MAX(0,TODAY()-K21)) | N21: =IF(G21="Terminé","OK",IF(M21>0,"RETARD",IF(TODAY()>=I21,"EN COURS / À LANCER","À VENIR"))) | S21: NON RATTACHE
... A32: NOVA-R28 | B32: LOT 8 | C32: Décision finale GO/NO GO production fondée sur preuves actuelles | D32: Certification | E32: P0 | F32: NOVA-R27 | G32: À faire | H32: Ne pas réutiliser le NO_GO historique de juillet comme état courant | I32: 46345 | J32: 1 | K32: =I32+J32-1 | L32: =IF(G32="Terminé",1,IF(G32="En cours",0.5,0)) | M32: =IF(OR(G32="Terminé",K32=""),0,MAX(0,TODAY()-K32)) | N32: =IF(G32="Terminé","OK",IF(M32>0,"RETARD",IF(TODAY()>=I32,"EN COURS / À LANCER","À VENIR"))) | S32: NON RATTACHE

Sheet Gantt
A1: NOVA — GANTT DE FINALISATION
A2: Dates = estimations de pilotage modifiables ; les statuts doivent être alimentés par les preuves officielles.
A4: ID | B4: Lot | C4: Tâche | D4: Début | E4: Fin | F4: Statut | G4: 46294 | H4: 46295 | I4: 46296 | J4: 46297 | K4: 46300 | L4: 46301 | M4: 46302 | N4: 46303 | O4: 46304 | P4: 46307 | Q4: 46308 | R4: 46309 | S4: 46310 | T4: 46311 | U4: 46314 | V4: 46315 | W4: 46316 | X4: 46317 | Y4: 46318 | Z4: 46321 | AA4: 46322 | AB4: 46323 | AC4: 46324 | AD4: 46325 | AE4: 46328 | AF4: 46329 | AG4: 46330 | AH4: 46331 | AI4: 46332 | AJ4: 46335 | AK4: 46336 | AL4: 46337 | AM4: 46338 | AN4: 46339 | AO4: 46342 | AP4: 46343 | AQ4: 46344 | AR4: 46345 | AS4: 46346
A5: NOVA-R01 | B5: LOT 0 | C5: Figer la baseline as-built et le registre des gaps actuels | D5: =Roadmap!I5 | E5: =Roadmap!K5 | F5: =Roadmap!G5 | G5: =IF(AND(G$4>=$D5,G$4<=$E5),1,"") | H5: =IF(AND(H$4>=$D5,H$4<=$E5),1,"") | I5: =IF(AND(I$4>=$D5,I$4<=$E5),1,"") | J5: =IF(AND(J$4>=$D5,J$4<=$E5),1,"") | K5: =IF(AND(K$4>=$D5,K$4<=$E5),1,"") | L5: =IF(AND(L$4>=$D5,L$4<=$E5),1,"") | M5: =IF(AND(M$4>=$D5,M$4<=$E5),1,"") | N5: =IF(AND(N$4>=$D5,N$4<=$E5),1,"") | ... AS5: =IF(AND(AS$4>=$D5,AS$4<=$E5),1,"")
A6: NOVA-R02 | B6: LOT 1 | C6: Assembler ProgramProductionEntrypoint dans le BFF réellement lancé | D6: =Roadmap!I6 | E6: =Roadmap!K6 | F6: =Roadmap!G6 | G6: =IF(AND(G$4>=$D6,G$4<=$E6),1,"") | H6: =IF(AND(H$4>=$D6,H$4<=$E6),1,"") | I6: =IF(AND(I$4>=$D6,I$4<=$E6),1,"") | J6: =IF(AND(J$4>=$D6,J$4<=$E6),1,"") | K6: =IF(AND(K$4>=$D6,K$4<=$E6),1,"") | L6: =IF(AND(L$4>=$D6,L$4<=$E6),1,"") | M6: =IF(AND(M$4>=$D6,M$4<=$E6),1,"") | N6: =IF(AND(N$4>=$D6,N$4<=$E6),1,"") | ... AS6: =IF(AND(AS$4>=$D6,AS$4<=$E6),1,"")
A7: NOVA-R03 | B7: LOT 1 | C7: Configurer stockage durable, authentification production, workspace, Git et transport IA | D7: =Roadmap!I7 | E7: =Roadmap!K7 | F7: =Roadmap!G7 | G7: =IF(AND(G$4>=$D7,G$4<=$E7),1,"") | H7: =IF(AND(H$4>=$D7,H$4<=$E7),1,"") | I7: =IF(AND(I$4>=$D7,I$4<=$E7),1,"") | J7: =IF(AND(J$4>=$D7,J$4<=$E7),1,"") | K7: =IF(AND(K$4>=$D7,K$4<=$E7),1,"") | L7: =IF(AND(L$4>=$D7,L$4<=$E7),1,"") | M7: =IF(AND(M$4>=$D7,M$4<=$E7),1,"") | N7: =IF(AND(N$4>=$D7,N$4<=$E7),1,"") | ... AS7: =IF(AND(AS$4>=$D7,AS$4<=$E7),1,"")
A8: NOVA-R04 | B8: LOT 1 | C8: Prouver POST /api/runtime/execute → Runtime réel | D8: =Roadmap!I8 | E8: =Roadmap!K8 | F8: =Roadmap!G8 | G8: =IF(AND(G$4>=$D8,G$4<=$E8),1,"") | H8: =IF(AND(H$4>=$D8,H$4<=$E8),1,"") | I8: =IF(AND(I$4>=$D8,I$4<=$E8),1,"") | J8: =IF(AND(J$4>=$D8,J$4<=$E8),1,"") | K8: =IF(AND(K$4>=$D8,K$4<=$E8),1,"") | L8: =IF(AND(L$4>=$D8,L$4<=$E8),1,"") | M8: =IF(AND(M$4>=$D8,M$4<=$E8),1,"") | N8: =IF(AND(N$4>=$D8,N$4<=$E8),1,"") | ... AS8: =IF(AND(AS$4>=$D8,AS$4<=$E8),1,"")
A9: NOVA-R05 | B9: LOT 2 | C9: Brancher Confirm → exécution Mission/Runtime existante | D9: =Roadmap!I9 | E9: =Roadmap!K9 | F9: =Roadmap!G9 | G9: =IF(AND(G$4>=$D9,G$4<=$E9),1,"") | H9: =IF(AND(H$4>=$D9,H$4<=$E9),1,"") | I9: =IF(AND(I$4>=$D9,I$4<=$E9),1,"") | J9: =IF(AND(J$4>=$D9,J$4<=$E9),1,"") | K9: =IF(AND(K$4>=$D9,K$4<=$E9),1,"") | L9: =IF(AND(L$4>=$D9,L$4<=$E9),1,"") | M9: =IF(AND(M$4>=$D9,M$4<=$E9),1,"") | N9: =IF(AND(N$4>=$D9,N$4<=$E9),1,"") | ... AS9: =IF(AND(AS$4>=$D9,AS$4<=$E9),1,"")
A10: NOVA-R06 | B10: LOT 2 | C10: Prouver le parcours objectif → Confirm → Mission → Work | D10: =Roadmap!I10 | E10: =Roadmap!K10 | F10: =Roadmap!G10 | G10: =IF(AND(G$4>=$D10,G$4<=$E10),1,"") | H10: =IF(AND(H$4>=$D10,H$4<=$E10),1,"") | I10: =IF(AND(I$4>=$D10,I$4<=$E10),1,"") | J10: =IF(AND(J$4>=$D10,J$4<=$E10),1,"") | K10: =IF(AND(K$4>=$D10,K$4<=$E10),1,"") | L10: =IF(AND(L$4>=$D10,L$4<=$E10),1,"") | M10: =IF(AND(M$4>=$D10,M$4<=$E10),1,"") | N10: =IF(AND(N$4>=$D10,N$4<=$E10),1,"") | ... AS10: =IF(AND(AS$4>=$D10,AS$4<=$E10),1,"")
A11: NOVA-R07 | B11: LOT 3 | C11: Brancher Work Plan aux données Planning réelles | D11: =Roadmap!I11 | E11: =Roadmap!K11 | F11: =Roadmap!G11 | G11: =IF(AND(G$4>=$D11,G$4<=$E11),1,"") | H11: =IF(AND(H$4>=$D11,H$4<=$E11),1,"") | I11: =IF(AND(I$4>=$D11,I$4<=$E11),1,"") | J11: =IF(AND(J$4>=$D11,J$4<=$E11),1,"") | K11: =IF(AND(K$4>=$D11,K$4<=$E11),1,"") | L11: =IF(AND(L$4>=$D11,L$4<=$E11),1,"") | M11: =IF(AND(M$4>=$D11,M$4<=$E11),1,"") | N11: =IF(AND(N$4>=$D11,N$4<=$E11),1,"") | ... AS11: =IF(AND(AS$4>=$D11,AS$4<=$E11),1,"")
A12: NOVA-R08 | B12: LOT 3 | C12: Brancher Work People aux données People réelles | D12: =Roadmap!I12 | E12: =Roadmap!K12 | F12: =Roadmap!G12 | G12: =IF(AND(G$4>=$D12,G$4<=$E12),1,"") | H12: =IF(AND(H$4>=$D12,H$4<=$E12),1,"") | I12: =IF(AND(I$4>=$D12,I$4<=$E12),1,"") | J12: =IF(AND(J$4>=$D12,J$4<=$E12),1,"") | K12: =IF(AND(K$4>=$D12,K$4<=$E12),1,"") | L12: =IF(AND(L$4>=$D12,L$4<=$E12),1,"") | M12: =IF(AND(M$4>=$D12,M$4<=$E12),1,"") | N12: =IF(AND(N$4>=$D12,N$4<=$E12),1,"") | ... AS12: =IF(AND(AS$4>=$D12,AS$4<=$E12),1,"")
A13: NOVA-R09 | B13: LOT 3 | C13: Brancher Work Decisions aux données Decisions réelles | D13: =Roadmap!I13 | E13: =Roadmap!K13 | F13: =Roadmap!G13 | G13: =IF(AND(G$4>=$D13,G$4<=$E13),1,"") | H13: =IF(AND(H$4>=$D13,H$4<=$E13),1,"") | I13: =IF(AND(I$4>=$D13,I$4<=$E13),1,"") | J13: =IF(AND(J$4>=$D13,J$4<=$E13),1,"") | K13: =IF(AND(K$4>=$D13,K$4<=$E13),1,"") | L13: =IF(AND(L$4>=$D13,L$4<=$E13),1,"") | M13: =IF(AND(M$4>=$D13,M$4<=$E13),1,"") | N13: =IF(AND(N$4>=$D13,N$4<=$E13),1,"") | ... AS13: =IF(AND(AS$4>=$D13,AS$4<=$E13),1,"")
A14: NOVA-R10 | B14: LOT 3 | C14: Brancher Work Deliverables détaillés aux données réelles | D14: =Roadmap!I14 | E14: =Roadmap!K14 | F14: =Roadmap!G14 | G14: =IF(AND(G$4>=$D14,G$4<=$E14),1,"") | H14: =IF(AND(H$4>=$D14,H$4<=$E14),1,"") | I14: =IF(AND(I$4>=$D14,I$4<=$E14),1,"") | J14: =IF(AND(J$4>=$D14,J$4<=$E14),1,"") | K14: =IF(AND(K$4>=$D14,K$4<=$E14),1,"") | L14: =IF(AND(L$4>=$D14,L$4<=$E14),1,"") | M14: =IF(AND(M$4>=$D14,M$4<=$E14),1,"") | N14: =IF(AND(N$4>=$D14,N$4<=$E14),1,"") | ... AS14: =IF(AND(AS$4>=$D14,AS$4<=$E14),1,"")
A15: NOVA-R11 | B15: LOT 3 | C15: Mapper Evidence → écran Sources sans créer un nouveau domaine | D15: =Roadmap!I15 | E15: =Roadmap!K15 | F15: =Roadmap!G15 | G15: =IF(AND(G$4>=$D15,G$4<=$E15),1,"") | H15: =IF(AND(H$4>=$D15,H$4<=$E15),1,"") | I15: =IF(AND(I$4>=$D15,I$4<=$E15),1,"") | J15: =IF(AND(J$4>=$D15,J$4<=$E15),1,"") | K15: =IF(AND(K$4>=$D15,K$4<=$E15),1,"") | L15: =IF(AND(L$4>=$D15,L$4<=$E15),1,"") | M15: =IF(AND(M$4>=$D15,M$4<=$E15),1,"") | N15: =IF(AND(N$4>=$D15,N$4<=$E15),1,"") | ... AS15: =IF(AND(AS$4>=$D15,AS$4<=$E15),1,"")
A16: NOVA-R12 | B16: LOT 3 | C16: Remplacer les fixtures restantes des écrans Work par des services réels | D16: =Roadmap!I16 | E16: =Roadmap!K16 | F16: =Roadmap!G16 | G16: =IF(AND(G$4>=$D16,G$4<=$E16),1,"") | H16: =IF(AND(H$4>=$D16,H$4<=$E16),1,"") | I16: =IF(AND(I$4>=$D16,I$4<=$E16),1,"") | J16: =IF(AND(J$4>=$D16,J$4<=$E16),1,"") | K16: =IF(AND(K$4>=$D16,K$4<=$E16),1,"") | L16: =IF(AND(L$4>=$D16,L$4<=$E16),1,"") | M16: =IF(AND(M$4>=$D16,M$4<=$E16),1,"") | N16: =IF(AND(N$4>=$D16,N$4<=$E16),1,"") | ... AS16: =IF(AND(AS$4>=$D16,AS$4<=$E16),1,"")
... A32: NOVA-R28 | B32: LOT 8 | C32: Décision finale GO/NO GO production fondée sur preuves actuelles | D32: =Roadmap!I32 | E32: =Roadmap!K32 | F32: =Roadmap!G32 | G32: =IF(AND(G$4>=$D32,G$4<=$E32),1,"") | H32: =IF(AND(H$4>=$D32,H$4<=$E32),1,"") | I32: =IF(AND(I$4>=$D32,I$4<=$E32),1,"") | J32: =IF(AND(J$4>=$D32,J$4<=$E32),1,"") | K32: =IF(AND(K$4>=$D32,K$4<=$E32),1,"") | L32: =IF(AND(L$4>=$D32,L$4<=$E32),1,"") | M32: =IF(AND(M$4>=$D32,M$4<=$E32),1,"") | N32: =IF(AND(N$4>=$D32,N$4<=$E32),1,"") | ... AS32: =IF(AND(AS$4>=$D32,AS$4<=$E32),1,"")

Sheet Jalons
A1: NOVA — JALONS DE PILOTAGE
A3: Jalon | B3: Résultat attendu | C3: Cible | D3: Criticité | E3: Statut | F3: Preuve attendue | G3: Retard | H3: Décision
A4: M1 | B4: BFF ↔ Runtime réellement connecté | C4: 46301 | D4: P0 | E4: À faire | F4: POST /api/runtime/execute exécuté sur Runtime réel | G4: =IF(E4="Terminé",0,MAX(0,TODAY()-C4)) | H4: =IF(E4="Terminé","CLOS",IF(G4>0,"RETARD","OUVERT"))
A5: M2 | B5: Confirm crée/lance une Mission puis un Work réel | C5: 46307 | D5: P0 | E5: À faire | F5: preuve E2E Mission → Work | G5: =IF(E5="Terminé",0,MAX(0,TODAY()-C5)) | H5: =IF(E5="Terminé","CLOS",IF(G5>0,"RETARD","OUVERT"))
A6: M3 | B6: Tous les onglets Work prioritaires utilisent des données réelles | C6: 46318 | D6: P0 | E6: À faire | F6: fixtures retirées du chemin produit | G6: =IF(E6="Terminé",0,MAX(0,TODAY()-C6)) | H6: =IF(E6="Terminé","CLOS",IF(G6>0,"RETARD","OUVERT"))
A7: M4 | B7: Décision humaine réellement persistée et traçable | C7: 46325 | D7: P0 | E7: À auditer | F7: Review → Decide → Record → Receipt | G7: =IF(E7="Terminé",0,MAX(0,TODAY()-C7)) | H7: =IF(E7="Terminé","CLOS",IF(G7>0,"RETARD","OUVERT"))
A8: M5 | B8: Anciens blocages production P1 revalidés sur HEAD actuel | C8: 46339 | D8: P0 | E8: À auditer | F8: Execution Integrity, Persistence, Integration, Git Provenance | G8: =IF(E8="Terminé",0,MAX(0,TODAY()-C8)) | H8: =IF(E8="Terminé","CLOS",IF(G8>0,"RETARD","OUVERT"))
A9: M6 | B9: Recette produit complète PASS | C9: 46344 | D9: P0 | E9: À faire | F9: Front + BFF + Core + Runtime + persistance | G9: =IF(E9="Terminé",0,MAX(0,TODAY()-C9)) | H9: =IF(E9="Terminé","CLOS",IF(G9>0,"RETARD","OUVERT"))
A10: M7 | B10: Décision production actuelle | C10: 46345 | D10: P0 | E10: À faire | F10: GO/NO GO fondé sur preuves actuelles | G10: =IF(E10="Terminé",0,MAX(0,TODAY()-C10)) | H10: =IF(E10="Terminé","CLOS",IF(G10>0,"RETARD","OUVERT"))

Sheet Synthese
A1: NOVA — SYNTHÈSE EXÉCUTIVE
A3: Date baseline | B3: 46294
A4: Nombre d'actions | B4: =COUNTA(Roadmap!A5:A32)
A5: Actions P0 | B5: =COUNTIF(Roadmap!E5:E32,"P0")
A6: Actions terminées | B6: =COUNTIF(Roadmap!G5:G32,"Terminé")
A7: Actions en retard | B7: =COUNTIF(Roadmap!N5:N32,"RETARD")
A8: Avancement global | B8: =IFERROR(AVERAGE(Roadmap!L5:L32),0)
A10: Lecture actuelle
A11: Le moteur NOVA est très avancé ; le chantier principal est l'intégration produit de bout en bout.
A12: Le premier gap prouvé est l'assemblage BFF ↔ Runtime : les composants existent mais start:bff ne les injecte pas.
A13: Ne pas développer un nouveau « Create Work » : réutiliser Mission/Runtime puis Work.
A14: Plan, People, Decisions et Deliverables existent côté moteur et doivent principalement être branchés à l'interface.
A15: Sources doit d'abord être mappé sur Evidence ; ne pas créer un nouveau domaine sans preuve de nécessité.
A16: Le NO_GO production de juillet 2026 est historique : les anciens blocages doivent être revalidés sur le code actuel.

Sheet Automatisation
A1: AUTOMATISATION — SOURCE DE VÉRITÉ ET TRACKER
A3: Élément | B3: Valeur | C3: État | D3: Rôle | E3: Action | F3: Source
A4: Tracker historique retrouvé | B4: C:\DEV\NOVA_TRACKER_EXTRACTION_2026-09-25\NOVA_MISSION_PROGRESS_REPORT.md | C4: RETROUVÉ | D4: Projection mission | E4: Conserver comme sortie gouvernée | F4: Conversation 27/09/2026
A5: Moteur historique retrouvé | B5: C:\DEV\NOVA_TRACKER_EXTRACTION_2026-09-25\Update-NovaProjectRoadmap.ps1 | C5: RETROUVÉ | D5: Lit official-report.json et reconstruit ## Missions | E5: Réutiliser ; ne pas dupliquer la logique | F5: Conversation 27/09/2026
A6: Source primaire | B6: official-report.json | C6: AUTORITÉ | D6: Faits d'exécution/certification | E6: Ne jamais remplacer par Excel | F6: Architecture de tracking retrouvée
A7: Nouveau classeur | B7: NOVA_ROADMAP_GANTT_2026-09-29.xlsx | C7: NOUVEAU | D7: Projection de pilotage / Gantt | E7: Alimenter depuis le tracker gouverné | F7: Créé le 29/09/2026
A8: Connexion automatique Excel | B8: Non retrouvée dans l'ancien travail | C8: À CONSTRUIRE | D8: Synchroniser statut/jalons sans faire d'Excel l'autorité | E8: Étape suivante : adaptateur tracker → xlsx | F8: Constat de récupération
A10: Branchement Excel | B10: ACTIF APRÈS INSTALLATION DU SCRIPT MODIFIÉ | C10: Le même Update-NovaProjectRoadmap.ps1 met à jour Markdown + feuille Mission_Sync du classeur.
A11: Protection statut Roadmap | B11: FAIL-CLOSED | C11: Une tâche ne passe à Terminé que si Mission liée est explicitement renseignée et que l’état final est ACCEPTED ou CERTIFIED.
A12: Rattachement | B12: MANUEL/EXPLICITE | C12: Renseigner Roadmap!O (Mission liée). Aucun rapprochement par nom ou supposition.

Sheet Sources
A1: SOURCES ET NIVEAU DE PREUVE
A3: Source | B3: Type | C3: Utilisation | D3: Remarque
A4: NOVA_MISSION_PROGRESS_REPORT.md | B4: Tracker historique retrouvé | C4: Architecture de suivi | D4: Mis à jour par Update-NovaProjectRoadmap.ps1
A5: Update-NovaProjectRoadmap.ps1 | B5: Moteur PowerShell retrouvé | C5: Automatisation | D5: Lit les official-report.json ; ne mettait pas Excel à jour
A6: GitHub JEFF201230/Nova-Evolution2 / feature/nova-runtime-foundation | B6: Code actuel | C6: Audit as-built | D6: BFF, Runtime, Work, frontend
A7: PROGRAM_003_IMPLEMENTATION_ROADMAP.md | B7: Roadmap historique réconciliée | C7: Baseline | D7: Section As-Built Reconciliation ajoutée le 29/09/2026
A8: WCF-008 certification | B8: Certification actuelle | C8: État architecture WORK | D8: WCF-008 canonique CERTIFIED

Sheet Mission_Sync
A1: Mission | B1: État Runtime | C1: Décision autorité | D1: État final | E1: Empreinte rapport | F1: Preuve | G1: Dernière synchronisation
A2: ARCH-EVIDENCE-001-C01-RECONCILIATION-001 | B2: READY_FOR_REVIEW | C2: PENDING_REVIEW | D2: READY_FOR_REVIEW | E2: 0A5B451AE01B4D647A6CEA900B719C6E5B69CA7542BC8B1F7DAD0D5E651DCA8F | F2: .nova-data\execution\reports\PROGRAM-003\ARCH-EVIDENCE-001-C01-RECONCILIATION-001\bootstrap-20260918T134120934\official-report.json | G2: 2026-10-01 10:18:43
A3: CEREBRAU-HISTORICAL-CERTIFICATION-BACKFILL-001 | B3: READY_FOR_REVIEW | C3: PENDING_REVIEW | D3: READY_FOR_REVIEW | E3: 39AB36E2A99FF5FBD08F5087DAC49EA72204C64CFA8D46FC7EC76D717704AAE8 | F3: .nova-data\execution\reports\PROGRAM-003\CEREBRAU-HISTORICAL-CERTIFICATION-BACKFILL-001\bootstrap-20260918T152703537\official-report.json | G3: 2026-10-01 10:18:43
A4: CEREBRAU-TERMINAL-CERTIFICATION-REPAIR-001 | B4: PARTIAL | C4: REJECTED | D4: REJECTED | E4: DD1ADB0E31FEA139206A4BCF994021958C308CDD1D9E577EB20743EA25A65D10 | F4: .nova-data\execution\reports\PROGRAM-003\CEREBRAU-TERMINAL-CERTIFICATION-REPAIR-001\bootstrap-20260918T141057194\official-report.json | G4: 2026-10-01 10:18:43
A5: NOVA-EVIDENCE-INTELLIGENCE-CLOSURE-001 | B5: FAILED | C5: NOT_APPLICABLE | D5: FAILED | E5: DE42232A3F2E31097B4F681B3273E20FFFAD6776DB36A8186B322F886065FD81 | F5: .nova-data\execution\reports\NOVA\NOVA-EVIDENCE-INTELLIGENCE-CLOSURE-001\bootstrap-20260914T233744353\official-report.json | G5: 2026-10-01 10:18:43
A6: NOVA-R02-BFF-MISSION-RUNTIME-HTTP-BRIDGE-001 | B6: READY_FOR_REVIEW | C6: ACCEPTED | D6: ACCEPTED | E6: A4ED0525EBA487AD8EA400DA41A9023216E9EAB5DCDBF8EDF9C2ACC64A2E8825 | F6: .nova-data\execution\reports\NOVA-AS-BUILT-COMPLETION\NOVA-R02-BFF-MISSION-RUNTIME-HTTP-BRIDGE-001\bootstrap-20260929T175046117\official-report.json | G6: 2026-10-01 10:18:43
A7: NOVA-R05-CONFIRM-TO-REAL-WORK-001 | B7: READY_FOR_REVIEW | C7: ACCEPTED | D7: ACCEPTED | E7: F98A222A1A40EF8AFD4F775AD3719EFBB9BA85B5D891E2ED43EE13517EF11BFB | F7: .nova-data\execution\reports\NOVA-AS-BUILT-COMPLETION\NOVA-R05-CONFIRM-TO-REAL-WORK-001\bootstrap-20261001T092313888\official-report.json | G7: 2026-10-01 10:18:43
A8: NOVA-SUPER-WAVE-RT12-PROVENANCE-CLOSURE-001 | B8: READY_FOR_REVIEW | C8: PENDING_REVIEW | D8: READY_FOR_REVIEW | E8: CC9AD198EDB08AC8AF64CF2658789F4C7553353485A6E86D6BAB0DEBBC7D16F5 | F8: .nova-data\execution\reports\PROGRAM-003\NOVA-SUPER-WAVE-RT12-PROVENANCE-CLOSURE-001\bootstrap-20260917T160907003\official-report.json | G8: 2026-10-01 10:18:43
A9: NOVA-WORK-CERTIFICATION-FINAL-CLOSURE-001 | B9: READY_FOR_REVIEW | C9: PENDING_REVIEW | D9: READY_FOR_REVIEW | E9: B08AC39DD5A194D049E743140B5D952C91A2262D0C1C0392B79E78A39778F888 | F9: .nova-data\execution\reports\PROGRAM-003\NOVA-WORK-CERTIFICATION-FINAL-CLOSURE-001\bootstrap-20260919T162258742\official-report.json | G9: 2026-10-01 10:18:43
A10: NOVA-WORK-WCF008-C19-RED-TEAM-REVALIDATION-001 | B10: READY_FOR_REVIEW | C10: PENDING_REVIEW | D10: READY_FOR_REVIEW | E10: F523C276F31EBDF077F882AF67E9D65B650ED26B3497667EB547A8B560D6A8EA | F10: .nova-data\execution\reports\PROGRAM-003\NOVA-WORK-WCF008-C19-RED-TEAM-REVALIDATION-001\bootstrap-20260928T141436900\official-report.json | G10: 2026-10-01 10:18:43
A11: NOVA-WORK-WCF008-C20-OFFICIAL-REPORT-SEAL-AUDIT-001 | B11: READY_FOR_REVIEW | C11: PENDING_REVIEW | D11: READY_FOR_REVIEW | E11: 4C7F0ED1FD77F57332E1591404779737266EB71921180CC56BD04FF82CBB961E | F11: .nova-data\execution\reports\PROGRAM-003\NOVA-WORK-WCF008-C20-OFFICIAL-REPORT-SEAL-AUDIT-001\bootstrap-20260928T160351555\official-report.json | G11: 2026-10-01 10:18:43
A12: NOVA-WORK-WCF008-C21-FINAL-CLOSURE-READINESS-001 | B12: READY_FOR_REVIEW | C12: PENDING_REVIEW | D12: CERTIFIED | E12: 22C04477C91C196702DDD99184A975A46DACDE8EBE20F6C679B1477A33861EA9 | F12: .nova-data\execution\reports\PROGRAM-003\NOVA-WORK-WCF008-C21-FINAL-CLOSURE-READINESS-001\bootstrap-20260928T233841880\official-report.json | G12: 2026-10-01 10:18:43
... A39: WORK-OVERVIEW-GAP-CLOSURE-001 | B39: READY_FOR_REVIEW | C39: PENDING_REVIEW | D39: READY_FOR_REVIEW | E39: D1E60A89C67587DEA5B5784E7CF402C7798ABDBC809D5108149D78055BE1535F | F39: .nova-data\execution\reports\PROGRAM-003\WORK-OVERVIEW-GAP-CLOSURE-001\bootstrap-20260921T230416950\official-report.json | G39: 2026-10-01 10:18:43
